-- Adminer 4.2.1 MySQL dump

SET NAMES utf8;
SET time_zone = '+00:00';
SET foreign_key_checks = 0;
SET sql_mode = 'NO_AUTO_VALUE_ON_ZERO';

INSERT INTO `failed_logins` (`id`, `usersId`, `ipAddress`, `attempted`) VALUES
(1,	0,	'127.10.80.1',	1429717923),
(2,	67,	'127.10.80.1',	1429798075),
(3,	67,	'127.10.80.1',	1429798282),
(4,	0,	'127.10.80.1',	1429798710),
(5,	0,	'127.10.80.1',	1429802559),
(6,	97,	'127.10.80.1',	1429825335),
(7,	97,	'127.10.80.1',	1429825350),
(8,	97,	'127.10.80.1',	1429825362),
(9,	97,	'127.10.80.1',	1429825376),
(10,	97,	'127.10.80.1',	1429825387),
(11,	0,	'127.0.0.1',	1445360678);

INSERT INTO `permissions` (`id`, `profilesId`, `resource`, `action`) VALUES
(23,	1,	'users',	'index'),
(24,	1,	'users',	'search'),
(25,	1,	'users',	'edit'),
(26,	1,	'users',	'create'),
(27,	1,	'users',	'delete'),
(28,	1,	'users',	'changePassword'),
(29,	1,	'profiles',	'index'),
(30,	1,	'profiles',	'search'),
(31,	1,	'profiles',	'edit'),
(32,	1,	'profiles',	'create'),
(33,	1,	'profiles',	'delete'),
(34,	1,	'proyectos',	'index'),
(35,	1,	'proyectos',	'search'),
(36,	1,	'proyectos',	'edit'),
(37,	1,	'proyectos',	'create'),
(38,	1,	'proyectos',	'delete'),
(39,	1,	'adscribe',	'index'),
(40,	1,	'adscribe',	'search'),
(41,	1,	'adscribe',	'create'),
(42,	1,	'adscribe',	'delete'),
(43,	1,	'permissions',	'index'),
(53,	3,	'users',	'index'),
(54,	3,	'users',	'search'),
(55,	3,	'proyectos',	'index'),
(56,	3,	'proyectos',	'search'),
(57,	3,	'adscribe',	'index'),
(58,	3,	'adscribe',	'search'),
(59,	3,	'adscribe',	'create'),
(60,	3,	'adscribe',	'delete'),
(63,	2,	'users',	'index'),
(64,	2,	'users',	'search'),
(65,	2,	'users',	'edit'),
(66,	2,	'users',	'create'),
(67,	2,	'users',	'delete'),
(68,	2,	'users',	'changePassword'),
(69,	2,	'profiles',	'index'),
(70,	2,	'profiles',	'search'),
(71,	2,	'profiles',	'edit'),
(72,	2,	'profiles',	'create'),
(73,	2,	'profiles',	'delete'),
(74,	2,	'proyectos',	'index'),
(75,	2,	'proyectos',	'search'),
(76,	2,	'proyectos',	'edit'),
(77,	2,	'proyectos',	'create'),
(78,	2,	'proyectos',	'delete'),
(79,	2,	'adscribe',	'index'),
(80,	2,	'adscribe',	'search'),
(81,	2,	'adscribe',	'create'),
(82,	2,	'adscribe',	'delete'),
(83,	2,	'permissions',	'index');

INSERT INTO `profiles` (`id`, `name`, `active`) VALUES
(1,	'Administrador',	'Y'),
(2,	'Usuario',	'Y'),
(3,	'Coordinador(a)',	'Y'),
(4,	'Digitador',	'Y');


INSERT INTO `success_logins` (`id`, `usersId`, `ipAddress`, `userAgent`) VALUES
(1,	432,	'127.0.0.1',	'Mozilla/5.0 (X11; Linux i686) AppleWebKit/537.36 (KHTML, like Gecko) Chrome/41.0.2272.89 Safari/537.36'),
(2,	433,	'127.10.80.1',	'Mozilla/5.0 (X11; Linux i686) AppleWebKit/537.36 (KHTML, like Gecko) Chrome/41.0.2272.89 Safari/537.36'),
(3,	434,	'127.10.80.1',	'Mozilla/5.0 (X11; Linux i686) AppleWebKit/537.36 (KHTML, like Gecko) Chrome/41.0.2272.89 Safari/537.36'),
(4,	433,	'127.10.80.1',	'Mozilla/5.0 (X11; Linux i686) AppleWebKit/537.36 (KHTML, like Gecko) Chrome/41.0.2272.89 Safari/537.36'),
(5,	431,	'127.10.80.1',	'Mozilla/5.0 (X11; Linux i686) AppleWebKit/537.36 (KHTML, like Gecko) Chrome/41.0.2272.89 Safari/537.36'),
(6,	431,	'127.10.80.1',	'Mozilla/5.0 (X11; Linux i686) AppleWebKit/537.36 (KHTML, like Gecko) Chrome/41.0.2272.89 Safari/537.36'),
(7,	430,	'127.10.80.1',	'Mozilla/5.0 (X11; Linux i686) AppleWebKit/537.36 (KHTML, like Gecko) Chrome/41.0.2272.89 Safari/537.36'),
(8,	431,	'127.10.80.1',	'Mozilla/5.0 (Windows NT 6.3; WOW64) AppleWebKit/537.36 (KHTML, like Gecko) Chrome/42.0.2311.90 Safari/537.36'),
(9,	431,	'127.10.80.1',	'Mozilla/5.0 (X11; Linux i686) AppleWebKit/537.36 (KHTML, like Gecko) Chrome/41.0.2272.89 Safari/537.36'),
(10,	431,	'127.10.80.1',	'Mozilla/5.0 (X11; Linux i686) AppleWebKit/537.36 (KHTML, like Gecko) Chrome/41.0.2272.89 Safari/537.36'),
(11,	21,	'127.10.80.1',	'Mozilla/5.0 (Windows NT 6.1; WOW64; Trident/7.0; rv:11.0) like Gecko'),
(12,	430,	'127.10.80.1',	'Mozilla/5.0 (Windows NT 6.3; WOW64) AppleWebKit/537.36 (KHTML, like Gecko) Chrome/42.0.2311.90 Safari/537.36'),
(13,	21,	'127.10.80.1',	'Mozilla/5.0 (Windows NT 6.1; WOW64) AppleWebKit/537.36 (KHTML, like Gecko) Chrome/40.0.2214.93 Safari/537.36'),
(14,	27,	'127.10.80.1',	'Mozilla/5.0 (Windows NT 6.1; WOW64; Trident/7.0; rv:11.0) like Gecko'),
(15,	30,	'127.10.80.1',	'Mozilla/5.0 (Windows NT 6.1; WOW64) AppleWebKit/537.36 (KHTML, like Gecko) Chrome/40.0.2214.93 Safari/537.36'),
(16,	25,	'127.10.80.1',	'Mozilla/5.0 (Windows NT 6.1; WOW64) AppleWebKit/537.36 (KHTML, like Gecko) Chrome/40.0.2214.93 Safari/537.36'),
(17,	27,	'127.10.80.1',	'Mozilla/5.0 (Windows NT 6.1; WOW64; Trident/7.0; rv:11.0) like Gecko'),
(18,	27,	'127.10.80.1',	'Mozilla/5.0 (Windows NT 6.1; WOW64) AppleWebKit/537.36 (KHTML, like Gecko) Chrome/40.0.2214.93 Safari/537.36'),
(19,	430,	'127.10.80.1',	'Mozilla/5.0 (Windows NT 6.3; WOW64) AppleWebKit/537.36 (KHTML, like Gecko) Chrome/42.0.2311.90 Safari/537.36'),
(20,	72,	'127.10.80.1',	'Mozilla/5.0 (iPhone; CPU iPhone OS 8_3 like Mac OS X) AppleWebKit/600.1.4 (KHTML, like Gecko) Version/8.0 Mobile/12F70 S'),
(21,	71,	'127.10.80.1',	'Mozilla/5.0 (Windows NT 6.1; WOW64; Trident/7.0; rv:11.0) like Gecko'),
(22,	71,	'127.10.80.1',	'Mozilla/5.0 (Windows NT 6.1; WOW64; Trident/7.0; rv:11.0) like Gecko'),
(23,	71,	'127.10.80.1',	'Mozilla/5.0 (Windows NT 6.1; WOW64; Trident/7.0; rv:11.0) like Gecko'),
(24,	71,	'127.10.80.1',	'Mozilla/5.0 (Windows NT 6.1; WOW64) AppleWebKit/537.36 (KHTML, like Gecko) Chrome/40.0.2214.93 Safari/537.36'),
(25,	53,	'127.10.80.1',	'Mozilla/5.0 (Windows NT 6.1; WOW64; Trident/7.0; rv:11.0) like Gecko'),
(26,	67,	'127.10.80.1',	'Mozilla/4.0 (compatible; MSIE 8.0; Windows NT 6.1; WOW64; Trident/4.0; SLCC2; .NET CLR 2.0.50727; .NET CLR 3.5.30729; .N'),
(27,	27,	'127.10.80.1',	'Mozilla/5.0 (Windows NT 6.1; WOW64; Trident/7.0; rv:11.0) like Gecko'),
(28,	72,	'127.10.80.1',	'Mozilla/5.0 (Windows NT 6.1; WOW64; Trident/7.0; rv:11.0) like Gecko'),
(29,	27,	'127.10.80.1',	'Mozilla/5.0 (Windows NT 6.1; WOW64) AppleWebKit/537.36 (KHTML, like Gecko) Chrome/40.0.2214.93 Safari/537.36'),
(30,	430,	'127.10.80.1',	'Mozilla/5.0 (Windows NT 6.3; WOW64) AppleWebKit/537.36 (KHTML, like Gecko) Chrome/42.0.2311.90 Safari/537.36'),
(31,	72,	'127.10.80.1',	'Mozilla/5.0 (Windows NT 6.1; WOW64; Trident/7.0; rv:11.0) like Gecko'),
(32,	60,	'127.10.80.1',	'Mozilla/5.0 (Windows NT 6.1; WOW64; Trident/7.0; rv:11.0) like Gecko'),
(33,	65,	'127.10.80.1',	'Mozilla/5.0 (Windows NT 6.1; WOW64; Trident/7.0; rv:11.0) like Gecko'),
(34,	67,	'127.10.80.1',	'Mozilla/5.0 (Windows NT 6.1; WOW64) AppleWebKit/537.36 (KHTML, like Gecko) Chrome/40.0.2214.115 Safari/537.36'),
(35,	432,	'127.10.80.1',	'Mozilla/5.0 (Windows NT 6.3; WOW64; Trident/7.0; rv:11.0) like Gecko'),
(36,	58,	'127.10.80.1',	'Mozilla/5.0 (Windows NT 6.1; WOW64; Trident/7.0; rv:11.0) like Gecko'),
(37,	432,	'127.10.80.1',	'Mozilla/5.0 (Windows NT 6.3; WOW64) AppleWebKit/537.36 (KHTML, like Gecko) Chrome/41.0.2272.118 Safari/537.36'),
(38,	61,	'127.10.80.1',	'Mozilla/5.0 (Windows NT 6.1; WOW64) AppleWebKit/537.36 (KHTML, like Gecko) Chrome/40.0.2214.93 Safari/537.36'),
(39,	432,	'127.10.80.1',	'Mozilla/5.0 (iPhone; CPU iPhone OS 8_2 like Mac OS X) AppleWebKit/600.1.4 (KHTML, like Gecko) Version/8.0 Mobile/12D508 '),
(40,	430,	'127.10.80.1',	'Mozilla/5.0 (Windows NT 6.3; WOW64) AppleWebKit/537.36 (KHTML, like Gecko) Chrome/42.0.2311.90 Safari/537.36'),
(41,	67,	'127.10.80.1',	'Mozilla/5.0 (Windows NT 6.3; WOW64) AppleWebKit/537.36 (KHTML, like Gecko) Chrome/42.0.2311.90 Safari/537.36'),
(42,	53,	'127.10.80.1',	'Mozilla/5.0 (Windows NT 6.1; WOW64) AppleWebKit/537.36 (KHTML, like Gecko) Chrome/40.0.2214.93 Safari/537.36'),
(43,	23,	'127.10.80.1',	'Mozilla/5.0 (Windows NT 6.1; WOW64) AppleWebKit/537.36 (KHTML, like Gecko) Chrome/40.0.2214.115 Safari/537.36'),
(44,	20,	'127.10.80.1',	'Mozilla/5.0 (Windows NT 6.1; WOW64; Trident/7.0; rv:11.0) like Gecko'),
(45,	56,	'127.10.80.1',	'Mozilla/5.0 (Windows NT 6.1; WOW64) AppleWebKit/537.36 (KHTML, like Gecko) Chrome/40.0.2214.93 Safari/537.36'),
(46,	433,	'127.10.80.1',	'Mozilla/5.0 (Windows NT 6.1; WOW64; Trident/7.0; rv:11.0) like Gecko'),
(47,	65,	'127.10.80.1',	'Mozilla/5.0 (Windows NT 6.1; WOW64) AppleWebKit/537.36 (KHTML, like Gecko) Chrome/40.0.2214.93 Safari/537.36'),
(48,	433,	'127.10.80.1',	'Mozilla/5.0 (Windows NT 6.1; WOW64) AppleWebKit/537.36 (KHTML, like Gecko) Chrome/40.0.2214.93 Safari/537.36'),
(49,	47,	'127.10.80.1',	'Mozilla/5.0 (Windows NT 6.1; WOW64; Trident/7.0; rv:11.0) like Gecko'),
(50,	77,	'127.10.80.1',	'Mozilla/5.0 (Windows NT 6.1; WOW64; Trident/7.0; rv:11.0) like Gecko'),
(51,	69,	'127.10.80.1',	'Mozilla/5.0 (Windows NT 6.1; WOW64; Trident/7.0; rv:11.0) like Gecko'),
(52,	77,	'127.10.80.1',	'Mozilla/5.0 (Windows NT 6.1; WOW64) AppleWebKit/537.36 (KHTML, like Gecko) Chrome/40.0.2214.93 Safari/537.36'),
(53,	24,	'127.10.80.1',	'Mozilla/5.0 (Windows NT 6.1; WOW64) AppleWebKit/537.36 (KHTML, like Gecko) Chrome/40.0.2214.93 Safari/537.36'),
(54,	86,	'127.10.80.1',	'Mozilla/5.0 (Windows NT 6.3; WOW64) AppleWebKit/537.36 (KHTML, like Gecko) Chrome/42.0.2311.90 Safari/537.36'),
(55,	69,	'127.10.80.1',	'Mozilla/5.0 (iPhone; CPU iPhone OS 8_3 like Mac OS X) AppleWebKit/600.1.4 (KHTML, like Gecko) Version/8.0 Mobile/12F70 S'),
(56,	69,	'127.10.80.1',	'Mozilla/5.0 (iPhone; CPU iPhone OS 8_3 like Mac OS X) AppleWebKit/600.1.4 (KHTML, like Gecko) Version/8.0 Mobile/12F70 S'),
(57,	69,	'127.10.80.1',	'Mozilla/5.0 (iPhone; CPU iPhone OS 8_3 like Mac OS X) AppleWebKit/600.1.4 (KHTML, like Gecko) Version/8.0 Mobile/12F70 S'),
(58,	76,	'127.10.80.1',	'Mozilla/5.0 (Windows NT 6.1; WOW64; Trident/7.0; rv:11.0) like Gecko'),
(59,	432,	'127.0.0.1',	'Mozilla/5.0 (X11; Linux i686) AppleWebKit/537.36 (KHTML, like Gecko) Chrome/41.0.2272.89 Safari/537.36'),
(60,	432,	'127.0.0.1',	'Mozilla/5.0 (X11; Linux i686) AppleWebKit/537.36 (KHTML, like Gecko) Chrome/41.0.2272.89 Safari/537.36'),
(61,	431,	'127.0.0.1',	'Mozilla/5.0 (X11; Linux i686) AppleWebKit/537.36 (KHTML, like Gecko) Chrome/41.0.2272.89 Safari/537.36'),
(62,	432,	'127.0.0.1',	'Mozilla/5.0 (X11; Linux i686) AppleWebKit/537.36 (KHTML, like Gecko) Chrome/41.0.2272.89 Safari/537.36'),
(63,	431,	'127.0.0.1',	'Mozilla/5.0 (X11; Linux i686) AppleWebKit/537.36 (KHTML, like Gecko) Chrome/41.0.2272.89 Safari/537.36'),
(64,	431,	'127.0.0.1',	'Mozilla/5.0 (X11; Linux i686) AppleWebKit/537.36 (KHTML, like Gecko) Chrome/41.0.2272.89 Safari/537.36'),
(65,	431,	'127.0.0.1',	'Mozilla/5.0 (X11; Linux i686) AppleWebKit/537.36 (KHTML, like Gecko) Chrome/41.0.2272.89 Safari/537.36'),
(66,	432,	'127.0.0.1',	'Mozilla/5.0 (X11; Linux i686) AppleWebKit/537.36 (KHTML, like Gecko) Chrome/41.0.2272.89 Safari/537.36'),
(67,	432,	'127.0.0.1',	'Mozilla/5.0 (X11; Linux i686) AppleWebKit/537.36 (KHTML, like Gecko) Chrome/41.0.2272.89 Safari/537.36'),
(68,	432,	'127.0.0.1',	'Mozilla/5.0 (X11; Linux i686) AppleWebKit/537.36 (KHTML, like Gecko) Chrome/41.0.2272.89 Safari/537.36'),
(69,	432,	'127.0.0.1',	'Mozilla/5.0 (X11; Linux i686) AppleWebKit/537.36 (KHTML, like Gecko) Chrome/41.0.2272.89 Safari/537.36'),
(70,	432,	'127.0.0.1',	'Mozilla/5.0 (X11; Linux i686) AppleWebKit/537.36 (KHTML, like Gecko) Chrome/41.0.2272.89 Safari/537.36'),
(71,	432,	'127.0.0.1',	'Mozilla/5.0 (X11; Linux i686) AppleWebKit/537.36 (KHTML, like Gecko) Chrome/41.0.2272.89 Safari/537.36'),
(72,	432,	'127.0.0.1',	'Mozilla/5.0 (X11; Linux i686) AppleWebKit/537.36 (KHTML, like Gecko) Chrome/41.0.2272.89 Safari/537.36'),
(73,	432,	'127.0.0.1',	'Mozilla/5.0 (X11; Linux i686) AppleWebKit/537.36 (KHTML, like Gecko) Chrome/41.0.2272.89 Safari/537.36'),
(74,	432,	'127.0.0.1',	'Mozilla/5.0 (X11; Linux i686) AppleWebKit/537.36 (KHTML, like Gecko) Chrome/41.0.2272.89 Safari/537.36'),
(75,	432,	'127.0.0.1',	'Mozilla/5.0 (X11; Linux i686) AppleWebKit/537.36 (KHTML, like Gecko) Chrome/41.0.2272.89 Safari/537.36'),
(76,	432,	'127.0.0.1',	'Mozilla/5.0 (X11; Linux i686) AppleWebKit/537.36 (KHTML, like Gecko) Chrome/41.0.2272.89 Safari/537.36'),
(77,	432,	'127.0.0.1',	'Mozilla/5.0 (X11; Linux i686) AppleWebKit/537.36 (KHTML, like Gecko) Chrome/41.0.2272.89 Safari/537.36'),
(78,	432,	'127.0.0.1',	'Mozilla/5.0 (X11; Linux i686) AppleWebKit/537.36 (KHTML, like Gecko) Chrome/41.0.2272.89 Safari/537.36'),
(79,	432,	'127.0.0.1',	'Mozilla/5.0 (X11; Linux i686) AppleWebKit/537.36 (KHTML, like Gecko) Chrome/41.0.2272.89 Safari/537.36'),
(80,	432,	'127.0.0.1',	'Mozilla/5.0 (X11; Linux i686) AppleWebKit/537.36 (KHTML, like Gecko) Chrome/41.0.2272.89 Safari/537.36'),
(81,	432,	'127.0.0.1',	'Mozilla/5.0 (X11; Linux i686) AppleWebKit/537.36 (KHTML, like Gecko) Chrome/41.0.2272.89 Safari/537.36'),
(82,	432,	'192.168.0.15',	'Mozilla/5.0 (Windows NT 6.3; Trident/7.0; rv:11.0) like Gecko'),
(83,	432,	'127.0.0.1',	'Mozilla/5.0 (X11; Linux i686) AppleWebKit/537.36 (KHTML, like Gecko) Chrome/41.0.2272.89 Safari/537.36'),
(84,	432,	'127.0.0.1',	'Mozilla/5.0 (X11; Linux i686) AppleWebKit/537.36 (KHTML, like Gecko) Chrome/41.0.2272.89 Safari/537.36'),
(85,	432,	'127.0.0.1',	'Mozilla/5.0 (X11; Linux i686) AppleWebKit/537.36 (KHTML, like Gecko) Chrome/41.0.2272.89 Safari/537.36'),
(86,	432,	'127.0.0.1',	'Mozilla/5.0 (X11; Linux i686) AppleWebKit/537.36 (KHTML, like Gecko) Chrome/41.0.2272.89 Safari/537.36'),
(87,	432,	'127.0.0.1',	'Mozilla/5.0 (X11; Linux i686) AppleWebKit/537.36 (KHTML, like Gecko) Chrome/41.0.2272.89 Safari/537.36'),
(88,	432,	'127.0.0.1',	'Mozilla/5.0 (X11; Linux i686) AppleWebKit/537.36 (KHTML, like Gecko) Chrome/41.0.2272.89 Safari/537.36'),
(89,	1,	'127.0.0.1',	'Mozilla/5.0 (X11; Linux i686) AppleWebKit/537.36 (KHTML, like Gecko) Chrome/41.0.2272.89 Safari/537.36'),
(90,	1,	'127.0.0.1',	'Mozilla/5.0 (X11; Linux i686) AppleWebKit/537.36 (KHTML, like Gecko) Chrome/41.0.2272.89 Safari/537.36'),
(91,	2,	'127.0.0.1',	'Mozilla/5.0 (X11; Linux i686) AppleWebKit/537.36 (KHTML, like Gecko) Chrome/41.0.2272.89 Safari/537.36'),
(92,	1,	'127.0.0.1',	'Mozilla/5.0 (X11; Linux i686) AppleWebKit/537.36 (KHTML, like Gecko) Chrome/41.0.2272.89 Safari/537.36'),
(93,	1,	'127.0.0.1',	'Mozilla/5.0 (X11; Linux i686) AppleWebKit/537.36 (KHTML, like Gecko) Chrome/41.0.2272.89 Safari/537.36'),
(94,	1,	'127.0.0.1',	'Mozilla/5.0 (X11; Linux i686) AppleWebKit/537.36 (KHTML, like Gecko) Chrome/41.0.2272.89 Safari/537.36'),
(95,	2,	'127.0.0.1',	'Mozilla/5.0 (X11; Linux i686) AppleWebKit/537.36 (KHTML, like Gecko) Chrome/41.0.2272.89 Safari/537.36'),
(96,	2,	'127.0.0.1',	'Mozilla/5.0 (X11; Linux i686) AppleWebKit/537.36 (KHTML, like Gecko) Chrome/41.0.2272.89 Safari/537.36'),
(97,	1,	'127.0.0.1',	'Mozilla/5.0 (X11; Linux i686) AppleWebKit/537.36 (KHTML, like Gecko) Chrome/41.0.2272.89 Safari/537.36'),
(98,	1,	'127.0.0.1',	'Mozilla/5.0 (X11; Linux i686) AppleWebKit/537.36 (KHTML, like Gecko) Chrome/41.0.2272.89 Safari/537.36'),
(99,	1,	'127.0.0.1',	'Mozilla/5.0 (X11; Linux i686) AppleWebKit/537.36 (KHTML, like Gecko) Chrome/41.0.2272.89 Safari/537.36'),
(100,	1,	'127.0.0.1',	'Mozilla/5.0 (X11; Linux i686) AppleWebKit/537.36 (KHTML, like Gecko) Chrome/41.0.2272.89 Safari/537.36'),
(101,	1,	'127.0.0.1',	'Mozilla/5.0 (X11; Linux i686) AppleWebKit/537.36 (KHTML, like Gecko) Chrome/41.0.2272.89 Safari/537.36'),
(102,	1,	'127.0.0.1',	'Mozilla/5.0 (X11; Linux i686) AppleWebKit/537.36 (KHTML, like Gecko) Chrome/41.0.2272.89 Safari/537.36'),
(103,	1,	'127.0.0.1',	'Mozilla/5.0 (X11; Linux i686) AppleWebKit/537.36 (KHTML, like Gecko) Chrome/41.0.2272.89 Safari/537.36'),
(104,	1,	'127.0.0.1',	'Mozilla/5.0 (X11; Linux i686) AppleWebKit/537.36 (KHTML, like Gecko) Chrome/41.0.2272.89 Safari/537.36'),
(105,	1,	'127.0.0.1',	'Mozilla/5.0 (X11; Linux i686) AppleWebKit/537.36 (KHTML, like Gecko) Chrome/41.0.2272.89 Safari/537.36'),
(106,	1,	'127.0.0.1',	'Mozilla/5.0 (X11; Linux i686) AppleWebKit/537.36 (KHTML, like Gecko) Chrome/41.0.2272.89 Safari/537.36'),
(107,	1,	'127.0.0.1',	'Mozilla/5.0 (X11; Linux i686) AppleWebKit/537.36 (KHTML, like Gecko) Chrome/41.0.2272.89 Safari/537.36'),
(108,	1,	'127.0.0.1',	'Mozilla/5.0 (X11; Linux i686) AppleWebKit/537.36 (KHTML, like Gecko) Chrome/41.0.2272.89 Safari/537.36'),
(109,	1,	'127.0.0.1',	'Mozilla/5.0 (X11; Linux i686) AppleWebKit/537.36 (KHTML, like Gecko) Chrome/41.0.2272.89 Safari/537.36'),
(110,	1,	'127.0.0.1',	'Mozilla/5.0 (X11; Linux i686) AppleWebKit/537.36 (KHTML, like Gecko) Chrome/41.0.2272.89 Safari/537.36'),
(111,	1,	'127.0.0.1',	'Mozilla/5.0 (X11; Linux i686) AppleWebKit/537.36 (KHTML, like Gecko) Chrome/41.0.2272.89 Safari/537.36'),
(112,	1,	'127.0.0.1',	'Mozilla/5.0 (X11; Linux i686) AppleWebKit/537.36 (KHTML, like Gecko) Chrome/41.0.2272.89 Safari/537.36'),
(113,	1,	'127.0.0.1',	'Mozilla/5.0 (X11; Linux i686) AppleWebKit/537.36 (KHTML, like Gecko) Chrome/41.0.2272.89 Safari/537.36'),
(114,	1,	'127.0.0.1',	'Mozilla/5.0 (X11; Linux i686) AppleWebKit/537.36 (KHTML, like Gecko) Chrome/41.0.2272.89 Safari/537.36'),
(115,	1,	'127.0.0.1',	'Mozilla/5.0 (X11; Linux i686) AppleWebKit/537.36 (KHTML, like Gecko) Chrome/41.0.2272.89 Safari/537.36'),
(116,	1,	'127.0.0.1',	'Mozilla/5.0 (X11; Linux i686) AppleWebKit/537.36 (KHTML, like Gecko) Chrome/41.0.2272.89 Safari/537.36'),
(117,	1,	'127.0.0.1',	'Mozilla/5.0 (X11; Linux i686) AppleWebKit/537.36 (KHTML, like Gecko) Chrome/41.0.2272.89 Safari/537.36'),
(118,	1,	'127.0.0.1',	'Mozilla/5.0 (X11; Linux i686) AppleWebKit/537.36 (KHTML, like Gecko) Chrome/41.0.2272.89 Safari/537.36'),
(119,	1,	'127.0.0.1',	'Mozilla/5.0 (X11; Linux i686) AppleWebKit/537.36 (KHTML, like Gecko) Chrome/41.0.2272.89 Safari/537.36'),
(120,	1,	'127.0.0.1',	'Mozilla/5.0 (X11; Linux i686) AppleWebKit/537.36 (KHTML, like Gecko) Chrome/41.0.2272.89 Safari/537.36'),
(121,	1,	'127.0.0.1',	'Mozilla/5.0 (X11; Linux i686) AppleWebKit/537.36 (KHTML, like Gecko) Chrome/41.0.2272.89 Safari/537.36'),
(122,	1,	'127.0.0.1',	'Mozilla/5.0 (X11; Linux i686) AppleWebKit/537.36 (KHTML, like Gecko) Chrome/41.0.2272.89 Safari/537.36'),
(123,	1,	'127.0.0.1',	'Mozilla/5.0 (X11; Linux i686) AppleWebKit/537.36 (KHTML, like Gecko) Chrome/41.0.2272.89 Safari/537.36'),
(124,	1,	'127.0.0.1',	'Mozilla/5.0 (X11; Linux i686) AppleWebKit/537.36 (KHTML, like Gecko) Chrome/41.0.2272.89 Safari/537.36'),
(125,	1,	'127.0.0.1',	'Mozilla/5.0 (X11; Linux i686) AppleWebKit/537.36 (KHTML, like Gecko) Chrome/41.0.2272.89 Safari/537.36'),
(126,	1,	'127.0.0.1',	'Mozilla/5.0 (X11; Linux i686) AppleWebKit/537.36 (KHTML, like Gecko) Chrome/41.0.2272.89 Safari/537.36'),
(127,	1,	'127.0.0.1',	'Mozilla/5.0 (X11; Linux i686) AppleWebKit/537.36 (KHTML, like Gecko) Chrome/41.0.2272.89 Safari/537.36'),
(128,	1,	'127.0.0.1',	'Mozilla/5.0 (X11; Linux i686) AppleWebKit/537.36 (KHTML, like Gecko) Chrome/41.0.2272.89 Safari/537.36');

INSERT INTO `urt` (`id`, `id_user`, `user`, `p1`, `p2_anios`, `p2_meses`, `p3_anios`, `p3_meses`, `p4`, `p5`, `p6`, `p7`, `p8_1`, `p8_2`, `p8_3`, `p8_4`, `p8_5`, `p8_6`, `p8_7`, `p8_8`, `p8_9`, `p8_10`, `p8_11`, `p9`, `p10`, `p11`, `p12`, `p13_1`, `p13_2`, `p13_3`, `p13_4`, `p13_5`, `p13_6`, `p13_7`, `p13_8`, `p13_otrocual`, `p14`, `p15_1`, `p15_2`, `p15_3`, `p15_4`, `p15_5`, `p15_6`, `p15_7`, `p15_8`, `p15_otrocual`, `p16`, `p17`, `p18`, `p19_a`, `p19_b`, `p19_c`, `p20_a`, `p20_b`, `p20_c`, `p20_d`, `p20_e`, `p21_a`, `p21_b`, `p21_c`, `p21_d`, `p21_e`, `p21_f`, `p22`, `p23`, `p24_1`, `p24_2`, `p24_3`, `p24_4`, `p24_5`, `p24_6`, `p24_7`, `p24_8`, `p24_9`, `p24_10`, `p24_11`, `p24_12`, `p24_13`, `p24_otrocual`, `p25_a`, `p25_b`, `p26_a`, `p26_b`, `p27`, `p28`, `p29`, `p30`, `p31`, `p32_1`, `p32_2`, `p32_3`, `p32_4`, `p32_5`, `p32_6`, `p32_7`, `p32_8`, `p32_9`, `p32_otrocual`, `p33_1`, `p33_2`, `p33_3`, `p33_4`, `p33_5`, `p33_6`, `p33_7`, `p33_8`, `p33_9`, `p33_otrocual`, `p34_a`, `p34_b`, `p34_c`, `p34_d`, `p34_e`, `p35`, `p35_otrocual`, `p36_a`, `p36_b`, `p36_c`, `p36_d`, `p36_e`, `p37_nivel`, `p37_estructura`, `p37_sede`, `p38`, `p39`, `created_at`) VALUES
(1,	1,	'luiscarlosyaya@gmail.com',	NULL,	0,	0,	0,	0,	0,	NULL,	0,	NULL,	NULL,	NULL,	NULL,	NULL,	NULL,	NULL,	NULL,	NULL,	NULL,	NULL,	NULL,	0,	NULL,	NULL,	0,	NULL,	NULL,	NULL,	NULL,	NULL,	NULL,	NULL,	NULL,	'',	NULL,	NULL,	NULL,	NULL,	NULL,	NULL,	NULL,	NULL,	NULL,	'',	NULL,	NULL,	NULL,	NULL,	NULL,	NULL,	NULL,	NULL,	NULL,	NULL,	NULL,	NULL,	NULL,	NULL,	NULL,	NULL,	NULL,	NULL,	NULL,	NULL,	NULL,	NULL,	NULL,	NULL,	NULL,	NULL,	NULL,	NULL,	NULL,	NULL,	NULL,	NULL,	'',	NULL,	NULL,	NULL,	NULL,	NULL,	NULL,	0,	NULL,	NULL,	NULL,	NULL,	NULL,	NULL,	NULL,	NULL,	NULL,	NULL,	NULL,	'',	NULL,	NULL,	NULL,	NULL,	NULL,	NULL,	NULL,	NULL,	NULL,	'',	NULL,	NULL,	NULL,	NULL,	NULL,	0,	'',	NULL,	NULL,	NULL,	NULL,	NULL,	NULL,	NULL,	'',	0,	0,	'2015-10-26 19:37:53');

DROP TABLE IF EXISTS `users`;
CREATE TABLE `users` (
  `id` int(10) unsigned NOT NULL AUTO_INCREMENT,
  `email` varchar(255) NOT NULL,
  `registro` char(1) NOT NULL,
  `registro_el` datetime DEFAULT NULL,
  `recordo_el` datetime DEFAULT NULL,
  `vecesRecordo` smallint(4) unsigned NOT NULL,
  `mustChangePassword` char(1) DEFAULT NULL,
  `profilesId` tinyint(1) unsigned NOT NULL,
  `banned` char(1) NOT NULL,
  `suspended` char(1) NOT NULL,
  `active` char(1) DEFAULT NULL,
  `creado_el` timestamp NULL DEFAULT CURRENT_TIMESTAMP,
  PRIMARY KEY (`id`),
  KEY `profilesId` (`profilesId`)
) ENGINE=InnoDB DEFAULT CHARSET=utf8;

INSERT INTO `users` (`id`, `email`, `registro`, `registro_el`, `recordo_el`, `vecesRecordo`, `mustChangePassword`, `profilesId`, `banned`, `suspended`, `active`, `creado_el`) VALUES
(1,	'luiscarlosyaya@gmail.com',	'Y',	'0000-00-00 00:00:00',	'0000-00-00 00:00:00',	0,	'N',	1,	'N',	'N',	'Y',	'2015-10-19 13:00:00'),
(2,	'invitado@gmail.com',	'N',	'0000-00-00 00:00:00',	'0000-00-00 00:00:00',	0,	'N',	3,	'N',	'N',	'Y',	'2015-10-19 13:00:00');

-- 2015-10-26 20:01:08
